Source Name,Column Name,Data Type,Width,Hierarchy,Level,Locked,Measure,Analyze by Date,Unknown Value
Opp Partners,KNVP_KUNNR,Varchar,10,,,True,False,False,
Opp Partners,KNVP_VKORG,Varchar,4,,,True,False,False,
Opp Partners,KNVP_VTWEG,Varchar,2,,,True,False,False,
Opp Partners,KNVP_SPART,Varchar,2,,,True,False,False,
Opp Partners,KNVP_PARVW,Varchar,2,,,True,False,False,
Opp Partners,KNVP_PARZA,Varchar,3,,,True,False,False,
Opp Partners,KNVP_KUNN2,Varchar,10,,,True,False,False,
Opp Partners,KNVP_LIFNR,Varchar,10,,,True,False,False,
Opp Partners,KNVP_PERNR,Varchar,8,,,True,False,False,
Opp Partners,KNVP_PARNR,Varchar,10,,,True,False,False,
Opp Partners,KNVP_KNREF,Varchar,10,,,True,False,False,
Opp Partners,KNVP_DEFPA,Varchar,1,,,True,False,False,
Opp Partners,TPAR_NRART,Varchar,2,,,True,False,False,
AUSP,AUSP_OBJEK,Varchar,10,,,True,False,False,
AUSP,CABN_ATNAM,Varchar,18,,,True,False,False,
AUSP,AUSP_ATINN,Varchar,10,,,True,False,False,
AUSP,AUSP_ATZHL,Varchar,3,,,True,False,False,
AUSP,AUSP_ATWRT,Varchar,3,,,True,False,False,
AUSP,AUSP_ATFLV,Float,22,,,True,False,False,
SC-Opportunities,Opp Number,Varchar,18,Opportunity,Opportunity,False,True,False,
SC-Opportunities,Opp Name,Varchar,39,Opportunity,Opportunity,False,False,False,
SC-Opportunities,Opp City,Varchar,35,,,False,False,False,
SC-Opportunities,Opp Sort Field,Varchar,13,,,False,False,False,
SC-Opportunities,Created On,Date,10,,,False,False,False,
SC-Opportunities,Account Group Key,Varchar,4,Opportunity,Opportunity,False,False,False,
SC-Opportunities,Division Key,Varchar,2,Division,Division,False,False,False,
SC-Opportunities,Opp Quotation Date,Date,10,Opportunity,Opportunity,False,False,False,
SC-Opportunities,Opp Delivery Date,Date,10,Opportunity,Opportunity,False,False,True,
SC-Opportunities,Opp Lifetime Value,Float,10,Opportunity,Opportunity,False,False,False,
SC-Opportunities,Opp Probability,Integer,3,Opportunity,Opportunity,False,False,False,
SC-Opportunities,Opp Reason for Result Key,Varchar,3,Opportunity,Opportunity,False,False,False,
SC-Opportunities,Opp Type Key,Varchar,3,Opportunity,Opportunity,False,False,False,
SC-Opportunities,Opp Status Key,Varchar,3,,,False,False,False,
SC-Opportunities,Opp Level Key,Varchar,2,Opportunity,Opportunity,False,False,False,
SC-Opportunities,Opp Created Date,Date,10,Opportunity,Opportunity,False,True,False,
SC-Opportunities,Opp Created Time,Integer,6,,,False,False,False,
SC-Opportunities,Opp Changed Date,Date,10,Opportunity,Opportunity,False,True,False,
SC-Opportunities,Opp Changed Time,Integer,6,,,False,False,False,
SC-Opportunities,Opp Currency,Varchar,3,Opportunity,Opportunity,False,False,False,
SC-Opportunities,Sales Org Key,Varchar,4,Sales Org,Sales Org,False,False,False,
SC-Opportunities,Sales Office Key,Varchar,4,,,False,False,False,
SC-Opportunities,Opp Reason for Result,Varchar,40,Opportunity,Opportunity,False,False,False,
SC-Opportunities,Opp Type,Varchar,40,Opportunity,Opportunity,False,False,False,
SC-Opportunities,Opp Level,Varchar,40,Opportunity,Opportunity,False,False,False,
SC-Opportunities,Comp Code Key,Varchar,4,Company,Company,False,False,False,
SC-Opportunities,Currency Key HC,Varchar,3,Opportunity,Opportunity,False,True,False,
SC-Opportunities,Customer Key,Varchar,18,Customer,Customer,False,False,False,
SC-Opportunities,Outside Sales Key,Varchar,10,,,False,False,False,
SC-Opportunities,Opp Value per Year,Float,18,Opportunity,Opportunity,False,False,False,
SC-Opportunities,Opp Closing Date,Date,10,Opportunity,Opportunity,False,True,True,
SC-Opportunities,Unweighted Opp Value DC,Float,18,,,False,True,False,
SC-Opportunities,Level 10 Date,Date,10,Opportunity,Opportunity,False,True,False,
SC-Opportunities,Level 20 Date,Date,10,Opportunity,Opportunity,False,True,False,
SC-Opportunities,Level 30 Date,Date,10,Opportunity,Opportunity,False,True,False,
SC-Opportunities,Level 40 Date,Date,10,Opportunity,Opportunity,False,True,False,
SC-Opportunities,Level 50 Date,Date,10,Opportunity,Opportunity,False,True,False,
SC-Opportunities,Level 60 Date,Date,10,Opportunity,Opportunity,False,True,False,
SC-Opportunities,Level 70 Date,Date,10,Opportunity,Opportunity,False,True,False,
SC-Opportunities,Level 80 Date,Date,10,Opportunity,Opportunity,False,True,False,
SC-Opportunities,Analysis Date,Date,10,Opportunity,Opportunity,False,True,True,
SC-Opportunities,Security Key,Varchar,27,Crm Security Key,,False,True,False,
SC-Opportunities,Reporting Month,Varchar,20,Reporting Month,Reporting Month,False,True,False,
SC-Opportunities,Unweighted Opp Value HC,Float,18,,,False,True,False,
SC-Opportunities,Unweighted Opp Value RC,Float,18,,,False,True,False,
SC-Opportunities,Unweighted Opp Value GC,Float,18,,,False,True,False,
SC-Opportunities,Currency Key DC,Varchar,3,Opportunity,Opportunity,False,True,False,
SC-Opportunities,Currency Key RC,Varchar,3,Opportunity,Opportunity,False,True,False,
SC-Opportunities,Currency Key GC,Varchar,3,Opportunity,Opportunity,False,True,False,
SC-Opportunities,Weighted Opp Value RC,Float,18,,,False,True,False,
SC-Opportunities,Weighted Opp Value GC,Float,18,,,False,True,False,
SC-Opportunities,Weighted Opp Value HC,Float,18,,,False,True,False,
SC-Opportunities,Weighted Opp Value DC,Float,18,,,False,True,False,
SC-Opportunities,CustArea Key,Varchar,22,Customer Sales Area,Customer Sales Area,False,False,False,
SC-Opportunities,Opp Source,Varchar,20,Opportunity,Opportunity,False,True,False,
SC-Opportunities,Is Open,Varchar,4,Opportunity,Opportunity,False,False,False,
SC-Opportunities,Is Closed,Varchar,4,Opportunity,Opportunity,False,False,False,
SC-Opportunities,Is Lost,Varchar,4,Opportunity,Opportunity,False,False,False,
SC-Opportunities,Is Closed except Declined,Varchar,4,Opportunity,Opportunity,False,False,False,
SC-Opportunities,Is Won,Varchar,4,Opportunity,Opportunity,False,False,False,
SC-Opportunities,Opp Status,Varchar,15,Opportunity,Opportunity,False,True,False,
SC-Level History,Opp Key,Varchar,10,,,False,False,False,
SC-Level History,Level 10 Date,Date,10,,,False,False,False,
SC-Level History,Level 20 Date,Date,10,,,False,False,False,
SC-Level History,Level 30 Date,Date,10,,,False,False,False,
SC-Level History,Level 40 Date,Date,10,,,False,False,False,
SC-Level History,Level 50 Date,Date,10,,,False,False,False,
SC-Level History,Level 60 Date,Date,10,,,False,False,False,
SC-Level History,Level 70 Date,Date,10,,,False,False,False,
SC-Level History,Level 80 Date,Date,10,,,False,False,False,
SC-Quotations,Quote Number,Varchar,10,Quotation,Quotation,False,True,False,
SC-Quotations,Item Key,Varchar,18,Item,Item,False,False,False,
SC-Quotations,Quote Created Date,Date,10,Quotation,Quotation,False,False,False,
SC-Quotations,SO Document Category,Varchar,1,Quotation,Quotation,False,False,False,
SC-Quotations,SO Document Type,Varchar,4,Quotation,Quotation,False,False,False,
SC-Quotations,Sales Org Key,Varchar,4,Sales Org,Sales Org,False,False,False,
SC-Quotations,Distr Channel,Varchar,2,Quotation,Quotation,False,False,False,
SC-Quotations,Sales Office Key,Varchar,4,,,False,False,False,
SC-Quotations,SO Doc Condition,Varchar,10,Quotation,Quotation,False,False,False,
SC-Quotations,Customer Key,Varchar,10,Customer,Customer,False,False,False,
SC-Quotations,Quote Change Date,Date,10,Quotation,Quotation,False,False,False,
SC-Quotations,Quote Qty,Float,17,Quotation,Quotation,False,True,False,
SC-Quotations,Base Unit,Varchar,3,Quotation,Quotation,False,False,False,
SC-Quotations,Division Key,Varchar,2,Division,Division,False,False,False,
SC-Quotations,Quote Value DC,Float,18,,,False,True,False,
SC-Quotations,Currency Key DC,Varchar,3,Quotation,Quotation,False,True,False,
SC-Quotations,Plant Key,Varchar,4,Quotation,Quotation,False,False,False,
SC-Quotations,Order Date,Date,10,Quotation,Quotation,False,False,False,
SC-Quotations,Analysis Date,Date,10,Quotation,Quotation,False,False,True,
SC-Quotations,Reporting Month,Varchar,20,Reporting Month,Reporting Month,False,False,False,
SC-Quotations,Quote Value RC,Float,18,,,False,True,False,
SC-Quotations,Quote Value HC,Float,18,,,False,True,False,
SC-Quotations,Quote Value GC,Float,18,,,False,True,False,
SC-Quotations,Security Key,Varchar,27,Crm Security Key,,False,True,False,
SC-Quotations,Currency Key GC,Varchar,3,Quotation,Quotation,False,True,False,
SC-Quotations,Currency Key RC,Varchar,3,Quotation,Quotation,False,True,False,
SC-Quotations,Currency Key HC,Varchar,3,Quotation,Quotation,False,True,False,
SC-Quotations,Quote Key,Varchar,16,Quotation,Quotation,False,False,False,
SC-Quotations,Opp Number,Varchar,16,Opportunity,Opportunity,False,False,False,
SC-Quotations,Comp Code Key,Varchar,10,Company,Company,False,False,False,
SC-Quotations,Quote Valid From,Date,10,Quotation,Quotation,False,False,False,
SC-Quotations,Quote Valid To,Date,10,Quotation,Quotation,False,False,False,
SC-Quotations,Order Reason Key,Varchar,3,Quotation,Quotation,False,False,False,
SC-Quotations,Order Reason,Varchar,40,Quotation,Quotation,False,False,False,
SC-Quotations,Delivery Date,Date,10,Quotation,Quotation,False,False,False,
SC-Quotations,Outside Sales Key,Varchar,10,,,False,False,False,
SC-Quotations,Delivery Customer Key,Varchar,10,,,False,False,False,
SC-Quotations,CustArea Key,Varchar,22,Customer Sales Area,Customer Sales Area,False,False,False,
SC-Quotations,Closing Date,Date,10,Quotation,Quotation,False,False,False,
SC-Quotations,Quote Item,Varchar,6,Quotation,Quotation,False,False,False,
VBPA,VBPA_MANDT,Varchar,3,,,True,False,False,
VBPA,VBPA_VBELN,Varchar,10,,,True,False,False,
VBPA,VBPA_POSNR,Varchar,6,,,True,False,False,
VBPA,VBPA_PARVW,Varchar,2,,,True,False,False,
VBPA,VBPA_KUNNR,Varchar,10,,,True,False,False,
VBPA,VBPA_LIFNR,Varchar,10,,,True,False,False,
VBPA,VBPA_PERNR,Varchar,16,,,True,False,False,
VBPA,VBPA_PARNR,Integer,10,,,True,False,False,
VBPA,VBPA_ADRNR,Varchar,34,,,True,False,False,
VBPA,VBPA_ABLAD,Varchar,13,,,True,False,False,
VBPA,VBPA_LAND1,Varchar,2,,,True,False,False,
VBPA,VBPA_ADRDA,Varchar,1,,,True,False,False,
VBPA,VBPA_XCPDK,Varchar,1,,,True,False,False,
VBPA,VBPA_HITYP,Varchar,1,,,True,False,False,
VBPA,VBPA_PRFRE,Varchar,1,,,True,False,False,
VBPA,VBPA_BOKRE,Varchar,1,,,True,False,False,
VBPA,VBPA_HISTU,Integer,2,,,True,False,False,
VBPA,VBPA_KNREF,Varchar,30,,,True,False,False,
VBPA,VBPA_LZONE,Varchar,10,,,True,False,False,
VBPA,VBPA_HZUOR,Integer,2,,,True,False,False,
VBPA,VBPA_STCEG,Varchar,20,,,True,False,False,
VBPA,VBPA_PARVW_FF,Varchar,1,,,True,False,False,
VBPA,VBPA_ADRNP,Varchar,10,,,True,False,False,
VBPA,VBPA_KALE,Varchar,1,,,True,False,False,
SC-Reporting Month,Reporting Month Sequence,Integer,10,Reporting Month,Reporting Month,False,False,False,
SC-Reporting Month,Reporting Month,Varchar,10,Reporting Month,Reporting Month,False,False,False,
Opportunities,KNA1_KUNNR,Varchar,10,,,True,False,False,
Opportunities,KNA1_LAND1,Varchar,2,,,True,False,False,
Opportunities,KNA1_NAME1,Varchar,39,,,True,False,False,
Opportunities,KNA1_NAME2,Varchar,40,,,True,False,False,
Opportunities,KNA1_ORT01,Varchar,10,,,True,False,False,
Opportunities,KNA1_REGIO,Varchar,5,,,True,False,False,
Opportunities,KNA1_SORTL,Varchar,13,,,True,False,False,
Opportunities,KNA1_ERDAT,Date,10,,,True,False,False,
Opportunities,KNA1_KTOKD,Varchar,4,,,True,False,False,
Opportunities,KNA1_KATR5,Varchar,2,,,True,False,False,
Opportunities,KNA1_KATR6,Varchar,3,,,True,False,False,
Opportunities,KNA1_KATR10,Varchar,3,,,True,False,False,
Opportunities,KNA1_/ITML/ANGEBOTDAT,Date,10,,,True,False,False,
Opportunities,KNA1_/ITML/LIEFTERM,Date,10,,,True,False,False,
Opportunities,KNA1_/ITML/VOLUMEN,Integer,10,,,True,False,False,
Opportunities,KNA1_/ITML/CHANCE,Integer,3,,,True,False,False,
Opportunities,KNA1_/ITML/ERG_GRUND,Varchar,3,,,True,False,False,
Opportunities,KNA1_/ITML/OPPTYP,Varchar,3,,,True,False,False,
Opportunities,KNA1_/ITML/OPPSTATUS,Varchar,3,,,True,False,False,
Opportunities,KNA1_/ITML/OPPSTADIUM,Varchar,2,,,True,False,False,
Opportunities,KNA1_/ITML/ERFDATUM,Date,10,,,True,False,False,
Opportunities,KNA1_/ITML/ERFZEIT,Varchar,6,,,True,False,False,
Opportunities,KNA1_/ITML/AENDATUM,Date,10,,,True,False,False,
Opportunities,KNA1_/ITML/AENZEIT,Integer,6,,,True,False,False,
Opportunities,KNA1_/ITML/WAEHRUNG,Varchar,3,,,True,False,False,
Opportunities,KNVV_VKORG,Varchar,4,,,True,False,False,
Opportunities,KNVV_VTWEG,Varchar,2,,,True,False,False,
Opportunities,KNVV_SPART,Varchar,2,,,True,False,False,
Opportunities,KNVV_VKBUR,Varchar,4,,,True,False,False,
Opportunities,TVKO_BUKRS,Varchar,4,,,True,False,False,
Opportunities,T001_WAERS,Varchar,3,,,True,False,False,
Opportunities,KNA1_/ITML/ABSCHL_DAT,Date,10,,,True,False,False,
Opportunities,KNA1_/ITML/FWERT1,Float,12,,,True,False,False,
Opportunities,/ITML/CRM_ERGGRT_LTEXT,Varchar,28,,,True,False,False,
Opportunities,/ITML/CRM_OPTYPT_LTEXT,Varchar,21,,,True,False,False,
Opportunities,/ITML/CRM_OPSTDT_LTEXT,Varchar,21,,,True,False,False,
Quotations,VBAP_VBELN,Varchar,10,,,True,False,False,
Quotations,VBAP_POSNR,Varchar,6,,,True,False,False,
Quotations,VBAK_ERDAT,Date,10,,,True,False,False,
Quotations,VBAK_VBELN,Varchar,10,,,True,False,False,
Quotations,VBAK_ERZET,Varchar,8,,,True,False,False,
Quotations,VBAK_ERNAM,Varchar,8,,,True,False,False,
Quotations,VBAK_AUDAT,Date,10,,,True,False,False,
Quotations,VBAK_VBTYP,Varchar,1,,,True,False,False,
Quotations,VBAK_TRVOG,Integer,1,,,True,False,False,
Quotations,VBAK_AUART,Varchar,4,,,True,False,False,
Quotations,VBAK_NETWR,Varchar,12,,,True,False,False,
Quotations,VBAK_WAERK,Varchar,3,,,True,False,False,
Quotations,VBAK_VKORG,Varchar,4,,,True,False,False,
Quotations,VBAK_VTWEG,Varchar,2,,,True,False,False,
Quotations,VBAK_SPART,Varchar,2,,,True,False,False,
Quotations,VBAK_VKGRP,Varchar,3,,,True,False,False,
Quotations,VBAK_VKBUR,Varchar,4,,,True,False,False,
Quotations,VBAK_KNUMV,Varchar,10,,,True,False,False,
Quotations,VBAK_KALSM,Varchar,6,,,True,False,False,
Quotations,VBAK_KUNNR,Varchar,10,,,True,False,False,
Quotations,VBAK_AEDAT,Date,10,,,True,False,False,
Quotations,VBAK_BUKRS_VF,Varchar,4,,,True,False,False,
Quotations,VBAP_MATNR,Varchar,18,,,True,False,False,
Quotations,VBAP_MATKL,Varchar,7,,,True,False,False,
Quotations,VBAP_PSTYV,Varchar,4,,,True,False,False,
Quotations,VBAP_ABGRU,Varchar,2,,,True,False,False,
Quotations,VBAP_ZMENG,Varchar,17,,,True,False,False,
Quotations,VBAP_ZIEME,Varchar,3,,,True,False,False,
Quotations,VBAP_MEINS,Varchar,2,,,True,False,False,
Quotations,VBAP_KDMAT,Varchar,40,,,True,False,False,
Quotations,VBAP_SPART,Varchar,2,,,True,False,False,
Quotations,VBAP_NETWR,Varchar,12,,,True,False,False,
Quotations,VBAP_WAERK,Varchar,3,,,True,False,False,
Quotations,VBAP_KWMENG,Varchar,19,,,True,False,False,
Quotations,VBAP_LSMENG,Varchar,19,,,True,False,False,
Quotations,VBAP_KBMENG,Varchar,19,,,True,False,False,
Quotations,VBAP_KLMENG,Varchar,19,,,True,False,False,
Quotations,VBAP_VRKME,Varchar,3,,,True,False,False,
Quotations,VBAP_VGBEL,Varchar,10,,,True,False,False,
Quotations,VBAP_VGPOS,Varchar,6,,,True,False,False,
Quotations,VBAP_WERKS,Varchar,4,,,True,False,False,
Quotations,VBAP_LGORT,Varchar,4,,,True,False,False,
Quotations,VBAP_VSTEL,Varchar,4,,,True,False,False,
Quotations,VBAP_ROUTE,Varchar,2,,,True,False,False,
Quotations,VBAP_ERDAT,Date,10,,,True,False,False,
Quotations,VBAP_ERNAM,Varchar,8,,,True,False,False,
Quotations,VBAP_ERZET,Varchar,8,,,True,False,False,
Quotations,VBAP_NETPR,Varchar,12,,,True,False,False,
Quotations,VBAP_WAVWR,Varchar,12,,,True,False,False,
Quotations,VBAP_STCUR,Varchar,8,,,True,False,False,
Quotations,VBAP_AEDAT,Date,10,,,True,False,False,
Quotations,VBKD_PRSDT,Date,10,,,True,False,False,
Quotations,VBUP_LFSTA,Varchar,1,,,True,False,False,
Quotations,VBUP_LFGSA,Varchar,1,,,True,False,False,
Quotations,VBUP_ABSTA,Varchar,1,,,True,False,False,
Quotations,VBUP_GBSTA,Varchar,1,,,True,False,False,
Quotations,VBAP_BEDAE,Varchar,3,,,True,False,False,
Quotations,VBAP_OBJNR,Varchar,18,,,True,False,False,
Quotations,VBAP_UMVKN,Varchar,10,,,True,False,False,
Quotations,VBAP_UMVKZ,Varchar,10,,,True,False,False,
Quotations,VBEP_ETENR,Varchar,4,,,True,False,False,
Quotations,VBEP_ETTYP,Varchar,2,,,True,False,False,
Quotations,VBEP_EDATU,Date,10,,,True,False,False,
Quotations,VBEP_EZEIT,Varchar,6,,,True,False,False,
Quotations,VBEP_WMENG,Varchar,13,,,True,False,False,
Quotations,VBEP_BMENG,Varchar,13,,,True,False,False,
Quotations,VBEP_VRKME,Varchar,3,,,True,False,False,
Quotations,VBEP_LMENG,Varchar,13,,,True,False,False,
Quotations,VBEP_MEINS,Varchar,2,,,True,False,False,
Quotations,VBEP_LFREL,Varchar,1,,,True,False,False,
Quotations,VBEP_ETART,Varchar,1,,,True,False,False,
Quotations,VBEP_BDART,Varchar,2,,,True,False,False,
Quotations,VBEP_WADAT,Date,10,,,True,False,False,
Quotations,VBAK_ANGDT,Date,10,,,True,False,False,
Quotations,VBAK_BNDDT,Date,10,,,True,False,False,
Quotations,VBAK_AUGRU,Varchar,3,,,True,False,False,
Quotations,VBAK_VDATU,Date,10,,,True,False,False,
Quotations,TVAUT_BEZEI,Varchar,40,,,True,False,False,
Quotations,T001_WAERS,Varchar,3,,,True,False,False,
Quotations,VBAK_ZZ_AW_DATE,Date,9,,,True,False,False,
Quotations,VBAK_ZZ_CALC_PROM,Varchar,1,,,True,False,False,
Quotations,VBAP_GRPOS,Varchar,6,,,True,False,False,
Quotations,VBAK_ZZ_SFDC_OPPS,Varchar,18,,,True,False,False,
SC-Exchange Rates,Valid From Date,Date,10,,,False,False,False,
SC-Exchange Rates,Valid To Date,Date,10,,,False,False,False,
SC-Exchange Rates,Exchange Rate,Float,11,,,False,False,False,
SC-Exchange Rates,From Currency Key,Varchar,5,,,False,False,False,
SC-Exchange Rates,To Currency Key,Varchar,5,,,False,False,False,
SC-Orphan Opp,Opp Number,Varchar,16,Opportunity,Opportunity,False,True,False,
SC-Orphan Opp,Opp Name,Varchar,39,Opportunity,Opportunity,False,False,False,
SC-Orphan Opp,Opp City,Varchar,35,,,False,False,False,
SC-Orphan Opp,Opp Sort Field,Varchar,13,,,False,False,False,
SC-Orphan Opp,Created On,Date,10,,,False,False,False,
SC-Orphan Opp,Account Group Key,Varchar,4,Opportunity,Opportunity,False,False,False,
SC-Orphan Opp,Division Key,Varchar,2,Division,Division,False,False,False,
SC-Orphan Opp,Opp Quotation Date,Date,10,Opportunity,Opportunity,False,False,False,
SC-Orphan Opp,Opp Delivery Date,Date,10,Opportunity,Opportunity,False,False,True,
SC-Orphan Opp,Opp Lifetime Value,Float,10,Opportunity,Opportunity,False,False,False,
SC-Orphan Opp,Opp Probability,Integer,3,Opportunity,Opportunity,False,False,False,
SC-Orphan Opp,Opp Reason for Result Key,Varchar,3,Opportunity,Opportunity,False,False,False,
SC-Orphan Opp,Opp Type Key,Varchar,3,Opportunity,Opportunity,False,False,False,
SC-Orphan Opp,Opp Status Key,Varchar,3,,,False,False,False,
SC-Orphan Opp,Opp Level Key,Varchar,2,Opportunity,Opportunity,False,False,False,
SC-Orphan Opp,Opp Created Date,Date,10,Opportunity,Opportunity,False,True,False,
SC-Orphan Opp,Opp Created Time,Integer,6,,,False,False,False,
SC-Orphan Opp,Opp Changed Date,Date,10,Opportunity,Opportunity,False,True,False,
SC-Orphan Opp,Opp Changed Time,Integer,6,,,False,False,False,
SC-Orphan Opp,Opp Currency,Varchar,3,Opportunity,Opportunity,False,False,False,
SC-Orphan Opp,Sales Org Key,Varchar,4,Sales Org,Sales Org,False,False,False,
SC-Orphan Opp,Sales Office Key,Varchar,4,,,False,False,False,
SC-Orphan Opp,Opp Reason for Result,Varchar,40,Opportunity,Opportunity,False,False,False,
SC-Orphan Opp,Opp Type,Varchar,40,Opportunity,Opportunity,False,False,False,
SC-Orphan Opp,Opp Level,Varchar,40,Opportunity,Opportunity,False,False,False,
SC-Orphan Opp,Comp Code Key,Varchar,4,Company,Company,False,False,False,
SC-Orphan Opp,Currency Key HC,Varchar,3,Opportunity,Opportunity,False,True,False,
SC-Orphan Opp,Customer Key,Varchar,18,Customer,Customer,False,False,False,
SC-Orphan Opp,Outside Sales Key,Varchar,10,,,False,False,False,
SC-Orphan Opp,Opp Value per Year,Float,18,Opportunity,Opportunity,False,False,False,
SC-Orphan Opp,Opp Closing Date,Date,12,Opportunity,Opportunity,False,True,True,
SC-Orphan Opp,Unweighted Opp Value DC,Float,18,,,False,True,False,
SC-Orphan Opp,Level 10 Date,Date,10,Opportunity,Opportunity,False,True,False,
SC-Orphan Opp,Level 20 Date,Date,10,Opportunity,Opportunity,False,True,False,
SC-Orphan Opp,Level 30 Date,Date,10,Opportunity,Opportunity,False,True,False,
SC-Orphan Opp,Level 40 Date,Date,10,Opportunity,Opportunity,False,True,False,
SC-Orphan Opp,Level 50 Date,Date,10,Opportunity,Opportunity,False,True,False,
SC-Orphan Opp,Level 60 Date,Date,10,Opportunity,Opportunity,False,True,False,
SC-Orphan Opp,Level 70 Date,Date,10,Opportunity,Opportunity,False,True,False,
SC-Orphan Opp,Level 80 Date,Date,10,Opportunity,Opportunity,False,True,False,
SC-Orphan Opp,Analysis Date,Date,10,Opportunity,Opportunity,False,True,True,
SC-Orphan Opp,Security Key,Varchar,27,Crm Security Key,,False,True,False,
SC-Orphan Opp,Reporting Month,Varchar,20,Reporting Month,Reporting Month,False,True,False,
SC-Orphan Opp,Unweighted Opp Value HC,Float,18,,,False,True,False,
SC-Orphan Opp,Unweighted Opp Value RC,Float,18,,,False,True,False,
SC-Orphan Opp,Unweighted Opp Value GC,Float,18,,,False,True,False,
SC-Orphan Opp,Currency Key DC,Varchar,3,Opportunity,Opportunity,False,True,False,
SC-Orphan Opp,Currency Key RC,Varchar,3,Opportunity,Opportunity,False,True,False,
SC-Orphan Opp,Currency Key GC,Varchar,3,Opportunity,Opportunity,False,True,False,
SC-Orphan Opp,Weighted Opp Value RC,Float,18,,,False,True,False,
SC-Orphan Opp,Weighted Opp Value GC,Float,18,,,False,True,False,
SC-Orphan Opp,Weighted Opp Value HC,Float,18,,,False,True,False,
SC-Orphan Opp,Weighted Opp Value DC,Float,18,,,False,True,False,
SC-Orphan Opp,CustArea Key,Varchar,22,Customer Sales Area,Customer Sales Area,False,False,False,
SC-Orphan Opp,Opp Source,Varchar,20,Opportunity,Opportunity,False,True,False,
SC-Orphan Opp,Is Closed,Varchar,4,Opportunity,Opportunity,False,False,False,
SC-Orphan Opp,Is Open,Varchar,4,Opportunity,Opportunity,False,False,False,
SC-Orphan Opp,Is Lost,Varchar,4,Opportunity,Opportunity,False,False,False,
SC-Orphan Opp,Is Won,Varchar,4,Opportunity,Opportunity,False,False,False,
SC-Orphan Opp,Is Closed except Declined,Varchar,4,Opportunity,Opportunity,False,False,False,
SC-Orphan Opp,Opp Status,Varchar,15,Opportunity,Opportunity,False,True,False,
SC-Opportunities Snapshot,Opp Number,Varchar,18,Opportunity,Opportunity,False,True,False,
SC-Opportunities Snapshot,Opp Name,Varchar,39,Opportunity,Opportunity,False,False,False,
SC-Opportunities Snapshot,Opp City,Varchar,35,,,False,False,False,
SC-Opportunities Snapshot,Opp Sort Field,Varchar,13,,,False,False,False,
SC-Opportunities Snapshot,Created On,Date,10,,,False,False,False,
SC-Opportunities Snapshot,Account Group Key,Varchar,4,Opportunity,Opportunity,False,False,False,
SC-Opportunities Snapshot,Division Key,Varchar,2,Division,Division,False,False,False,
SC-Opportunities Snapshot,Opp Quotation Date,Date,10,Opportunity,Opportunity,False,False,False,
SC-Opportunities Snapshot,Opp Delivery Date,Date,10,Opportunity,Opportunity,False,False,True,
SC-Opportunities Snapshot,Opp Lifetime Value,Float,10,Opportunity,Opportunity,False,False,False,
SC-Opportunities Snapshot,Opp Probability,Integer,3,Opportunity,Opportunity,False,False,False,
SC-Opportunities Snapshot,Opp Reason for Result Key,Varchar,3,Opportunity,Opportunity,False,False,False,
SC-Opportunities Snapshot,Opp Type Key,Varchar,3,Opportunity,Opportunity,False,False,False,
SC-Opportunities Snapshot,Opp Status Key,Varchar,3,,,False,False,False,
SC-Opportunities Snapshot,Opp Level Key,Varchar,2,Opportunity,Opportunity,False,False,False,
SC-Opportunities Snapshot,Opp Created Date,Date,10,Opportunity,Opportunity,False,True,False,
SC-Opportunities Snapshot,Opp Created Time,Integer,6,,,False,False,False,
SC-Opportunities Snapshot,Opp Changed Date,Date,10,Opportunity,Opportunity,False,True,False,
SC-Opportunities Snapshot,Opp Changed Time,Integer,6,,,False,False,False,
SC-Opportunities Snapshot,Opp Currency,Varchar,3,Opportunity,Opportunity,False,False,False,
SC-Opportunities Snapshot,Sales Org Key,Varchar,4,Sales Org,Sales Org,False,False,False,
SC-Opportunities Snapshot,Sales Office Key,Varchar,4,,,False,False,False,
SC-Opportunities Snapshot,Opp Reason for Result,Varchar,40,Opportunity,Opportunity,False,False,False,
SC-Opportunities Snapshot,Opp Type,Varchar,40,Opportunity,Opportunity,False,False,False,
SC-Opportunities Snapshot,Opp Level,Varchar,40,Opportunity,Opportunity,False,False,False,
SC-Opportunities Snapshot,Comp Code Key,Varchar,4,Company,Company,False,False,False,
SC-Opportunities Snapshot,Currency Key HC,Varchar,3,Opportunity,Opportunity,False,True,False,
SC-Opportunities Snapshot,Customer Key,Varchar,18,Customer,Customer,False,False,False,
SC-Opportunities Snapshot,Outside Sales Key,Varchar,10,,,False,False,False,
SC-Opportunities Snapshot,Opp Value per Year,Float,18,Opportunity,Opportunity,False,False,False,
SC-Opportunities Snapshot,Opp Closing Date,Date,10,Opportunity,Opportunity,False,True,True,
SC-Opportunities Snapshot,Unweighted Opp Value DC,Float,18,,,False,True,False,
SC-Opportunities Snapshot,Level 10 Date,Date,10,Opportunity,Opportunity,False,True,False,
SC-Opportunities Snapshot,Level 20 Date,Date,10,Opportunity,Opportunity,False,True,False,
SC-Opportunities Snapshot,Level 30 Date,Date,10,Opportunity,Opportunity,False,True,False,
SC-Opportunities Snapshot,Level 40 Date,Date,10,Opportunity,Opportunity,False,True,False,
SC-Opportunities Snapshot,Level 50 Date,Date,10,Opportunity,Opportunity,False,True,False,
SC-Opportunities Snapshot,Level 60 Date,Date,10,Opportunity,Opportunity,False,True,False,
SC-Opportunities Snapshot,Level 70 Date,Date,10,Opportunity,Opportunity,False,True,False,
SC-Opportunities Snapshot,Level 80 Date,Date,10,Opportunity,Opportunity,False,True,False,
SC-Opportunities Snapshot,Analysis Date,Date,10,Opportunity,Opportunity,False,True,True,
SC-Opportunities Snapshot,Security Key,Varchar,27,Crm Security Key,,False,True,False,
SC-Opportunities Snapshot,Reporting Month,Varchar,20,Reporting Month,Reporting Month,False,True,False,
SC-Opportunities Snapshot,Unweighted Opp Value HC,Float,18,,,False,True,False,
SC-Opportunities Snapshot,Unweighted Opp Value RC,Float,18,,,False,True,False,
SC-Opportunities Snapshot,Unweighted Opp Value GC,Float,18,,,False,True,False,
SC-Opportunities Snapshot,Currency Key DC,Varchar,3,Opportunity,Opportunity,False,True,False,
SC-Opportunities Snapshot,Currency Key RC,Varchar,3,Opportunity,Opportunity,False,True,False,
SC-Opportunities Snapshot,Currency Key GC,Varchar,3,Opportunity,Opportunity,False,True,False,
SC-Opportunities Snapshot,Weighted Opp Value RC,Float,18,,,False,True,False,
SC-Opportunities Snapshot,Weighted Opp Value GC,Float,18,,,False,True,False,
SC-Opportunities Snapshot,Weighted Opp Value HC,Float,18,,,False,True,False,
SC-Opportunities Snapshot,Weighted Opp Value DC,Float,18,,,False,True,False,
SC-Opportunities Snapshot,Opp Source,Varchar,20,Opportunity,Opportunity,False,True,False,
SC-Opportunities Snapshot,Is Open,Varchar,4,Opportunity,Opportunity,False,False,False,
SC-Opportunities Snapshot,Is Closed,Varchar,4,Opportunity,Opportunity,False,False,False,
SC-Opportunities Snapshot,Is Lost,Varchar,4,Opportunity,Opportunity,False,False,False,
SC-Opportunities Snapshot,Is Closed except Declined,Varchar,4,Opportunity,Opportunity,False,False,False,
SC-Opportunities Snapshot,Is Won,Varchar,4,Opportunity,Opportunity,False,False,False,
SC-Opportunities Snapshot,CustArea Key,Varchar,22,Customer Sales Area,Customer Sales Area,False,True,False,
SC-Opportunities Snapshot,Opp Status,Varchar,15,Opportunity,Opportunity,False,True,False,
SC-Quotations Snapshot,Quote Number,Varchar,10,Quotation,Quotation,False,True,False,
SC-Quotations Snapshot,Item Key,Varchar,18,Item,Item,False,False,False,
SC-Quotations Snapshot,Quote Created Date,Date,10,Quotation,Quotation,False,False,False,
SC-Quotations Snapshot,SO Document Category,Varchar,1,Quotation,Quotation,False,False,False,
SC-Quotations Snapshot,SO Document Type,Varchar,4,Quotation,Quotation,False,False,False,
SC-Quotations Snapshot,Sales Org Key,Varchar,4,Sales Org,Sales Org,False,False,False,
SC-Quotations Snapshot,Distr Channel,Varchar,2,Quotation,Quotation,False,False,False,
SC-Quotations Snapshot,Sales Office Key,Varchar,4,,,False,False,False,
SC-Quotations Snapshot,SO Doc Condition,Varchar,10,Quotation,Quotation,False,False,False,
SC-Quotations Snapshot,Customer Key,Varchar,10,Customer,Customer,False,False,False,
SC-Quotations Snapshot,Quote Change Date,Date,10,Quotation,Quotation,False,False,False,
SC-Quotations Snapshot,Quote Qty,Float,17,Quotation,Quotation,False,True,False,
SC-Quotations Snapshot,Base Unit,Varchar,3,Quotation,Quotation,False,False,False,
SC-Quotations Snapshot,Division Key,Varchar,2,Division,Division,False,False,False,
SC-Quotations Snapshot,Quote Value DC,Float,18,,,False,True,False,
SC-Quotations Snapshot,Currency Key DC,Varchar,3,Quotation,Quotation,False,True,False,
SC-Quotations Snapshot,Plant Key,Varchar,4,Quotation,Quotation,False,False,False,
SC-Quotations Snapshot,Order Date,Date,10,Quotation,Quotation,False,False,False,
SC-Quotations Snapshot,Analysis Date,Date,10,Quotation,Quotation,False,False,True,
SC-Quotations Snapshot,Reporting Month,Varchar,20,Reporting Month,Reporting Month,False,False,False,
SC-Quotations Snapshot,Quote Value RC,Float,18,,,False,True,False,
SC-Quotations Snapshot,Quote Value HC,Float,18,,,False,True,False,
SC-Quotations Snapshot,Quote Value GC,Float,18,,,False,True,False,
SC-Quotations Snapshot,Security Key,Varchar,27,Crm Security Key,,False,True,False,
SC-Quotations Snapshot,Currency Key GC,Varchar,3,Quotation,Quotation,False,True,False,
SC-Quotations Snapshot,Currency Key RC,Varchar,3,Quotation,Quotation,False,True,False,
SC-Quotations Snapshot,Currency Key HC,Varchar,3,Quotation,Quotation,False,True,False,
SC-Quotations Snapshot,Quote Key,Varchar,16,Quotation,Quotation,False,False,False,
SC-Quotations Snapshot,Opp Number,Varchar,16,Opportunity,Opportunity,False,False,False,
SC-Quotations Snapshot,Comp Code Key,Varchar,10,Company,Company,False,False,False,
SC-Quotations Snapshot,Quote Valid From,Date,10,Quotation,Quotation,False,False,False,
SC-Quotations Snapshot,Quote Valid To,Date,10,Quotation,Quotation,False,False,False,
SC-Quotations Snapshot,Order Reason Key,Varchar,3,Quotation,Quotation,False,False,False,
SC-Quotations Snapshot,Order Reason,Varchar,40,Quotation,Quotation,False,False,False,
SC-Quotations Snapshot,Delivery Date,Date,10,Quotation,Quotation,False,False,False,
SC-Quotations Snapshot,Outside Sales Key,Varchar,10,,,False,False,False,
SC-Quotations Snapshot,Delivery Customer Key,Varchar,10,Delivery Country,,False,False,False,
SC-Quotations Snapshot,CustArea Key,Varchar,22,Customer Sales Area,Customer Sales Area,False,False,False,
SC-Quotations Snapshot,Closing Date,Date,10,Quotation,Quotation,False,False,False,
SC-CRM User Access,CRM User,Varchar,50,Crm User Access,,False,True,False,
SC-CRM User Access,CRM User Security Key,Varchar,29,Crm User Access,,False,True,False,
SC-CRM User Access,Detail,Varchar,77,Crm User Access,,False,False,False,
SC-CRM User Access,Source,Varchar,10,Crm User Access,,False,False,False,
SC-CRM User Access,Customer Key,Varchar,18,Crm User Access,,False,False,False,
SC-CRM User Access,Role,Varchar,10,Crm User Access,,False,False,False,
SC-CRM User Access,Entity Value,Varchar,10,Crm User Access,,False,False,False,
VBFA,VBFA_VBELV,Varchar,10,,,True,False,False,
VBFA,VBFA_POSNV,Integer,6,,,True,False,False,
VBFA,VBFA_VBTYP_V,Varchar,1,,,True,False,False,
VBFA,VBFA_VBELN,Integer,10,,,True,False,False,
VBFA,VBFA_POSNN,Integer,6,,,True,False,False,
VBFA,VBFA_VBTYP_N,Varchar,1,,,True,False,False,
VBFA,VBFA_ERDAT,Date,10,,,True,False,False,
VBFA,VBFA_AEDAT,Date,10,,,True,False,False,
SFDC_CurrencyType,Currency Type ID,Varchar,18,,,False,False,False,
SFDC_CurrencyType,Currency ISO Code,Varchar,3,,,False,False,False,
SFDC_CurrencyType,Conversion Rate,Float,18,,,False,True,False,
SFDC_CurrencyType,Decimal Places,Integer,1,,,False,True,False,
SFDC_CurrencyType,Active,Varchar,4,,,False,False,False,
SFDC_CurrencyType,Corporate Currency,Varchar,5,,,False,False,False,
SFDC_CurrencyType,Created Date,DateTime,24,,,False,False,False,
SFDC_CurrencyType,Created By ID,Varchar,18,,,False,False,False,
SFDC_CurrencyType,Last Modified Date,DateTime,24,,,False,False,False,
SFDC_CurrencyType,Last Modified By ID,Varchar,18,,,False,False,False,
SFDC_CurrencyType,System Modstamp,DateTime,24,,,False,False,False,
SC-Ex Rate to SFDC,Currency Type ID,Varchar,18,,,False,False,False,
SC-Ex Rate to SFDC,Currency ISO Code,Varchar,3,,,False,False,False,
SC-Ex Rate to SFDC,SFDC Conversion Rate,Float,10,,,False,True,False,
SC-Ex Rate to SFDC,H_S Conversation Rate,Float,10,,,False,True,False,
SC-SF Opportunities,Opp Number,Varchar,18,Opportunity,Opportunity,False,True,False,
SC-SF Opportunities,Opp Name,Varchar,39,Opportunity,Opportunity,False,False,False,
SC-SF Opportunities,Opp City,Varchar,35,,,False,False,False,
SC-SF Opportunities,Opp Sort Field,Varchar,13,,,False,False,False,
SC-SF Opportunities,Created On,Date,10,,,False,False,False,
SC-SF Opportunities,Account Group Key,Varchar,4,Opportunity,Opportunity,False,False,False,
SC-SF Opportunities,Division Key,Varchar,2,Division,Division,False,False,False,
SC-SF Opportunities,Opp Quotation Date,Date,10,Opportunity,Opportunity,False,False,False,
SC-SF Opportunities,Opp Delivery Date,Date,10,Opportunity,Opportunity,False,False,True,
SC-SF Opportunities,Opp Lifetime Value,Float,10,Opportunity,Opportunity,False,False,False,
SC-SF Opportunities,Opp Probability,Integer,3,Opportunity,Opportunity,False,False,False,
SC-SF Opportunities,Opp Reason for Result Key,Varchar,3,Opportunity,Opportunity,False,False,False,
SC-SF Opportunities,Opp Type Key,Varchar,3,Opportunity,Opportunity,False,False,False,
SC-SF Opportunities,Opp Status Key,Varchar,3,,,False,False,False,
SC-SF Opportunities,Opp Level Key,Varchar,2,Opportunity,Opportunity,False,False,False,
SC-SF Opportunities,Opp Created Date,Date,10,Opportunity,Opportunity,False,True,False,
SC-SF Opportunities,Opp Created Time,Integer,6,,,False,False,False,
SC-SF Opportunities,Opp Changed Date,Date,10,Opportunity,Opportunity,False,True,False,
SC-SF Opportunities,Opp Changed Time,Integer,6,,,False,False,False,
SC-SF Opportunities,Opp Currency,Varchar,3,Opportunity,Opportunity,False,False,False,
SC-SF Opportunities,Sales Org Key,Varchar,4,Sales Org,Sales Org,False,False,False,
SC-SF Opportunities,Sales Office Key,Varchar,4,,,False,False,False,
SC-SF Opportunities,Opp Reason for Result,Varchar,40,Opportunity,Opportunity,False,False,False,
SC-SF Opportunities,Opp Type,Varchar,40,Opportunity,Opportunity,False,False,False,
SC-SF Opportunities,Opp Level,Varchar,40,Opportunity,Opportunity,False,False,False,
SC-SF Opportunities,Comp Code Key,Varchar,4,Company,Company,False,False,False,
SC-SF Opportunities,Currency Key HC,Varchar,3,Opportunity,Opportunity,False,True,False,
SC-SF Opportunities,Customer Key,Varchar,18,Customer,Customer,False,False,False,
SC-SF Opportunities,Outside Sales Key,Varchar,10,,,False,False,False,
SC-SF Opportunities,Opp Value per Year,Float,18,Opportunity,Opportunity,False,False,False,
SC-SF Opportunities,Opp Closing Date,Date,12,Opportunity,Opportunity,False,True,True,
SC-SF Opportunities,Unweighted Opp Value DC,Float,18,,,False,True,False,
SC-SF Opportunities,Level 10 Date,Date,10,Opportunity,Opportunity,False,True,False,
SC-SF Opportunities,Level 20 Date,Date,10,Opportunity,Opportunity,False,True,False,
SC-SF Opportunities,Level 30 Date,Date,10,Opportunity,Opportunity,False,True,False,
SC-SF Opportunities,Level 40 Date,Date,10,Opportunity,Opportunity,False,True,False,
SC-SF Opportunities,Level 50 Date,Date,10,Opportunity,Opportunity,False,True,False,
SC-SF Opportunities,Level 60 Date,Date,10,Opportunity,Opportunity,False,True,False,
SC-SF Opportunities,Level 70 Date,Date,10,Opportunity,Opportunity,False,True,False,
SC-SF Opportunities,Level 80 Date,Date,10,Opportunity,Opportunity,False,True,False,
SC-SF Opportunities,Analysis Date,Date,10,Opportunity,Opportunity,False,True,True,
SC-SF Opportunities,Security Key,Varchar,27,Crm Security Key,,False,True,False,
SC-SF Opportunities,Reporting Month,Varchar,20,Reporting Month,Reporting Month,False,True,False,
SC-SF Opportunities,Unweighted Opp Value HC,Float,18,,,False,True,False,
SC-SF Opportunities,Unweighted Opp Value RC,Float,18,,,False,True,False,
SC-SF Opportunities,Unweighted Opp Value GC,Float,18,,,False,True,False,
SC-SF Opportunities,Currency Key DC,Varchar,3,Opportunity,Opportunity,False,True,False,
SC-SF Opportunities,Currency Key RC,Varchar,3,Opportunity,Opportunity,False,True,False,
SC-SF Opportunities,Currency Key GC,Varchar,3,Opportunity,Opportunity,False,True,False,
SC-SF Opportunities,Weighted Opp Value RC,Float,18,,,False,True,False,
SC-SF Opportunities,Weighted Opp Value GC,Float,18,,,False,True,False,
SC-SF Opportunities,Weighted Opp Value HC,Float,18,,,False,True,False,
SC-SF Opportunities,Weighted Opp Value DC,Float,18,,,False,True,False,
SC-SF Opportunities,CustArea Key,Varchar,22,Customer Sales Area,Customer Sales Area,False,False,False,
SC-SF Opportunities,Opp Source,Varchar,20,Opportunity,Opportunity,False,True,False,
SC-SF Opportunities,Is Closed,Varchar,4,Opportunity,Opportunity,False,False,False,
SC-SF Opportunities,Is Open,Varchar,4,Opportunity,Opportunity,False,False,False,
SC-SF Opportunities,Is Lost,Varchar,4,Opportunity,Opportunity,False,False,False,
SC-SF Opportunities,Is Won,Varchar,4,Opportunity,Opportunity,False,False,False,
SC-SF Opportunities,Is Closed except Declined,Varchar,4,Opportunity,Opportunity,False,False,False,
SC-SF Opportunities,Opp Status,Varchar,15,Opportunity,Opportunity,False,True,False,
SC-SF Opportunities,Opp Stage,Varchar,30,Opportunity,Opportunity,False,False,False,
SC-SF Opportunities,SF Division Source,Varchar,20,,,False,False,False,
SC-SF Opportunities,SF Product Code,Varchar,20,,,False,False,False,
SC-SF Opportunities Customer Change,Opp Number,Varchar,16,Opportunity,,False,True,False,
SC-SF Opportunities Customer Change,Opp Name,Varchar,39,Opportunity,,False,False,False,
SC-SF Opportunities Customer Change,Opp City,Varchar,35,,,False,False,False,
SC-SF Opportunities Customer Change,Opp Sort Field,Varchar,13,,,False,False,False,
SC-SF Opportunities Customer Change,Created On,Date,10,,,False,False,False,
SC-SF Opportunities Customer Change,Account Group Key,Varchar,4,Opportunity,,False,False,False,
SC-SF Opportunities Customer Change,Division Key,Varchar,2,Division,,False,False,False,
SC-SF Opportunities Customer Change,Opp Quotation Date,Date,10,Opportunity,,False,False,False,
SC-SF Opportunities Customer Change,Opp Delivery Date,Date,10,Opportunity,,False,False,True,
SC-SF Opportunities Customer Change,Opp Lifetime Value,Float,10,Opportunity,,False,False,False,
SC-SF Opportunities Customer Change,Opp Probability,Integer,3,Opportunity,,False,False,False,
SC-SF Opportunities Customer Change,Opp Reason for Result Key,Varchar,3,Opportunity,,False,False,False,
SC-SF Opportunities Customer Change,Opp Type Key,Varchar,3,Opportunity,,False,False,False,
SC-SF Opportunities Customer Change,Opp Status Key,Varchar,3,,,False,False,False,
SC-SF Opportunities Customer Change,Opp Level Key,Varchar,2,Opportunity,,False,False,False,
SC-SF Opportunities Customer Change,Opp Created Date,Date,10,Opportunity,,False,True,False,
SC-SF Opportunities Customer Change,Opp Created Time,Integer,6,,,False,False,False,
SC-SF Opportunities Customer Change,Opp Changed Date,Date,10,Opportunity,,False,True,False,
SC-SF Opportunities Customer Change,Opp Changed Time,Integer,6,,,False,False,False,
SC-SF Opportunities Customer Change,Opp Currency,Varchar,3,Opportunity,,False,False,False,
SC-SF Opportunities Customer Change,Sales Org Key,Varchar,4,Sales Org,,False,False,False,
SC-SF Opportunities Customer Change,Sales Office Key,Varchar,4,,,False,False,False,
SC-SF Opportunities Customer Change,Opp Reason for Result,Varchar,40,Opportunity,,False,False,False,
SC-SF Opportunities Customer Change,Opp Type,Varchar,40,Opportunity,,False,False,False,
SC-SF Opportunities Customer Change,Opp Level,Varchar,40,Opportunity,,False,False,False,
SC-SF Opportunities Customer Change,Comp Code Key,Varchar,4,Company,,False,False,False,
SC-SF Opportunities Customer Change,Currency Key HC,Varchar,3,Opportunity,,False,True,False,
SC-SF Opportunities Customer Change,Customer Key,Varchar,18,Customer,,False,False,False,
SC-SF Opportunities Customer Change,Outside Sales Key,Varchar,10,,,False,False,False,
SC-SF Opportunities Customer Change,Opp Value per Year,Float,18,Opportunity,,False,False,False,
SC-SF Opportunities Customer Change,Opp Closing Date,Date,10,Opportunity,,False,True,True,
SC-SF Opportunities Customer Change,Unweighted Opp Value DC,Float,18,,,False,True,False,
SC-SF Opportunities Customer Change,Level 10 Date,Date,10,Opportunity,,False,True,False,
SC-SF Opportunities Customer Change,Level 20 Date,Date,10,Opportunity,,False,True,False,
SC-SF Opportunities Customer Change,Level 30 Date,Date,10,Opportunity,,False,True,False,
SC-SF Opportunities Customer Change,Level 40 Date,Date,10,Opportunity,,False,True,False,
SC-SF Opportunities Customer Change,Level 50 Date,Date,10,Opportunity,,False,True,False,
SC-SF Opportunities Customer Change,Level 60 Date,Date,10,Opportunity,,False,True,False,
SC-SF Opportunities Customer Change,Level 70 Date,Date,10,Opportunity,,False,True,False,
SC-SF Opportunities Customer Change,Level 80 Date,Date,10,Opportunity,,False,True,False,
SC-SF Opportunities Customer Change,Analysis Date,Date,10,Opportunity,,False,True,True,
SC-SF Opportunities Customer Change,Security Key,Varchar,27,Crm Security Key,,False,True,False,
SC-SF Opportunities Customer Change,Reporting Month,Varchar,20,Reporting Month,,False,True,False,
SC-SF Opportunities Customer Change,Unweighted Opp Value HC,Float,18,,,False,True,False,
SC-SF Opportunities Customer Change,Unweighted Opp Value RC,Float,18,,,False,True,False,
SC-SF Opportunities Customer Change,Unweighted Opp Value GC,Float,18,,,False,True,False,
SC-SF Opportunities Customer Change,Currency Key DC,Varchar,3,Opportunity,,False,True,False,
SC-SF Opportunities Customer Change,Currency Key RC,Varchar,3,Opportunity,,False,True,False,
SC-SF Opportunities Customer Change,Currency Key GC,Varchar,3,Opportunity,,False,True,False,
SC-SF Opportunities Customer Change,Weighted Opp Value RC,Float,18,,,False,True,False,
SC-SF Opportunities Customer Change,Weighted Opp Value GC,Float,18,,,False,True,False,
SC-SF Opportunities Customer Change,Weighted Opp Value HC,Float,18,,,False,True,False,
SC-SF Opportunities Customer Change,Weighted Opp Value DC,Float,18,,,False,True,False,
SC-SF Opportunities Customer Change,CustArea Key,Varchar,22,Customer Sales Area,,False,False,False,
SC-SF Opportunities Customer Change,Opp Source,Varchar,20,Opportunity,,False,False,False,
SC-SF Opportunities Customer Change,Is Open,Varchar,4,Opportunity,,False,False,False,
SC-SF Opportunities Customer Change,Is Closed,Varchar,4,Opportunity,,False,False,False,
SC-SF Opportunities Customer Change,Is Lost,Varchar,4,Opportunity,,False,False,False,
SC-SF Opportunities Customer Change,Is Closed except Declined,Varchar,4,Opportunity,,False,False,False,
SC-SF Opportunities Customer Change,Is Won,Varchar,4,Opportunity,,False,False,False,
SC-SF Opportunities Customer Change,Opp Status,Varchar,15,Opportunity,,False,True,False,
SFDC_Opportunity,Amount,Float,15,,,True,False,False,
SFDC_Opportunity,Approval Role Five,None,0,,,False,False,False,
SFDC_Opportunity,Approval Role Four,None,0,,,False,False,False,
SFDC_Opportunity,Approval Role One,Varchar,9,,,False,False,False,
SFDC_Opportunity,Approval Role Three,None,0,,,False,False,False,
SFDC_Opportunity,Approval Role Two,Varchar,10,,,False,False,False,
SFDC_Opportunity,Approval Status,Varchar,15,,,False,False,False,
SFDC_Opportunity,Approver Five,None,0,,,False,False,False,
SFDC_Opportunity,Approver Four,None,0,,,False,False,False,
SFDC_Opportunity,Approver One,Varchar,18,,,False,False,False,
SFDC_Opportunity,Approver Three,None,0,,,False,False,False,
SFDC_Opportunity,Approver Two,Varchar,18,,,False,False,False,
SFDC_Opportunity,Budget Confirmed,Varchar,5,,,False,False,False,
SFDC_Opportunity,CEO Approval Required,Varchar,5,,,False,False,False,
SFDC_Opportunity,CFO Approval Required,Varchar,5,,,False,False,False,
SFDC_Opportunity,COO Approval Required,Varchar,5,,,False,False,False,
SFDC_Opportunity,CP: ClosePlan,Varchar,18,,,False,False,False,
SFDC_Opportunity,CP: ClosePlan Count,Float,3,,,False,False,False,
SFDC_Opportunity,CP: Stage Progression,Varchar,5,,,False,False,False,
SFDC_Opportunity,CP: Stage Progression Behavior,None,0,,,False,False,False,
SFDC_Opportunity,CP: Template Name,Varchar,31,,,False,False,False,
SFDC_Opportunity,Campaign ID,None,0,,,False,False,False,
SFDC_Opportunity,Close Date,Date,10,,,False,False,False,
SFDC_Opportunity,Closed,Varchar,5,,,False,False,False,
SFDC_Opportunity,Company Name,Varchar,18,,,False,False,False,
SFDC_Opportunity,Competitive Opportunity,Varchar,5,,,False,False,False,
SFDC_Opportunity,Contract ID,None,0,,,False,False,False,
SFDC_Opportunity,Created By ID,Varchar,18,,,False,False,False,
SFDC_Opportunity,Created Date,DateTime,24,,,False,False,False,
SFDC_Opportunity,Created from SAP,Varchar,5,,,False,False,False,
SFDC_Opportunity,Deleted,Varchar,5,,,False,False,False,
SFDC_Opportunity,Discovery Completed,Varchar,5,,,False,False,False,
SFDC_Opportunity,Division,Varchar,19,,,False,False,False,
SFDC_Opportunity,Division FO FDC,Varchar,5,,,False,False,False,
SFDC_Opportunity,Division FO MCI,Varchar,5,,,False,False,False,
SFDC_Opportunity,Division LF,Varchar,5,,,False,False,False,
SFDC_Opportunity,Division RF,Varchar,5,,,False,False,False,
SFDC_Opportunity,Expected Amount,Float,18,,,False,False,False,
SFDC_Opportunity,Expected End of Project,Date,10,,,False,False,False,
SFDC_Opportunity,First Delivery Date,Date,10,,,False,False,False,
SFDC_Opportunity,Fiscal Period,Date,6,,,False,False,False,
SFDC_Opportunity,Fiscal Quarter,Integer,1,,,False,False,False,
SFDC_Opportunity,Fiscal Year,Integer,4,,,False,False,False,
SFDC_Opportunity,Forecast Category,Varchar,8,,,False,False,False,
SFDC_Opportunity,ForecastCategoryName,Varchar,8,,,True,False,False,
SFDC_Opportunity,Gross Margin,Float,4,,,False,False,False,
SFDC_Opportunity,Has Line Item,Varchar,5,,,False,False,False,
SFDC_Opportunity,Key Opportunity,Varchar,5,,,False,False,False,
SFDC_Opportunity,Last Activity,Date,10,,,False,False,False,
SFDC_Opportunity,Last Modified By ID,Varchar,18,,,False,False,False,
SFDC_Opportunity,Last Modified Date,DateTime,24,,,False,False,False,
SFDC_Opportunity,Last Referenced Date,DateTime,24,,,False,False,False,
SFDC_Opportunity,Last Viewed Date,DateTime,24,,,False,False,False,
SFDC_Opportunity,Latest Decision Date,Date,10,,,False,False,False,
SFDC_Opportunity,Lead Source,Varchar,16,,,False,False,False,
SFDC_Opportunity,Lead Time Comments,Varchar,42,,,False,False,False,
SFDC_Opportunity,Loss Reason,Varchar,28,,,False,False,False,
SFDC_Opportunity,Name,Varchar,85,,,True,False,False,
SFDC_Opportunity,Next Step,Varchar,120,,,False,False,False,
SFDC_Opportunity,Opportunity Currency,Varchar,3,,,False,False,False,
SFDC_Opportunity,Opportunity ID,Varchar,18,,,False,False,False,
SFDC_Opportunity,Opportunity Type,Varchar,17,,,False,False,False,
SFDC_Opportunity,Owner ID,Varchar,18,,,False,False,False,
SFDC_Opportunity,Price Book ID,Varchar,18,,,False,False,False,
SFDC_Opportunity,Probability _%_,Float,5,,,False,False,False,
SFDC_Opportunity,Project,Varchar,18,,,False,False,False,
SFDC_Opportunity,Quote ID,None,0,,,False,False,False,
SFDC_Opportunity,RMD Approval Required,Varchar,5,,,False,False,False,
SFDC_Opportunity,ROI Analysis Completed,Varchar,5,,,False,False,False,
SFDC_Opportunity,RSM Approval Required,Varchar,5,,,False,False,False,
SFDC_Opportunity,Ramp up Lead Time,Float,4,,,False,False,False,
SFDC_Opportunity,Relevant for Demand Planning,Varchar,5,,,False,False,False,
SFDC_Opportunity,Requested Delivery Date,Date,10,,,False,False,False,
SFDC_Opportunity,SAP Quote ID,Varchar,10,,,False,False,False,
SFDC_Opportunity,Stage,Varchar,18,,,False,False,False,
SFDC_Opportunity,Supply Review relevant,Varchar,67,,,False,False,False,
SFDC_Opportunity,Synced Quote,Varchar,18,,,False,False,False,
SFDC_Opportunity,Synched with SAP,Varchar,5,,,False,False,False,
SFDC_Opportunity,System Modstamp,DateTime,24,,,False,False,False,
SFDC_Opportunity,Won,Varchar,5,,,False,False,False,
SFDC_Opportunity,Description,Varchar,1744,,,True,False,False,
SFDC_Product2,Active,Varchar,5,,,False,False,False,
SFDC_Product2,Created By ID,Varchar,18,,,False,False,False,
SFDC_Product2,Created Date,DateTime,24,,,False,False,False,
SFDC_Product2,Currency ISO Code,Varchar,3,,,False,False,False,
SFDC_Product2,Deleted,Varchar,5,,,False,False,False,
SFDC_Product2,External Id,Varchar,18,,,False,False,False,
SFDC_Product2,Item Group,Varchar,5,,,False,False,False,
SFDC_Product2,Item Group Lookup,Varchar,18,,,False,False,False,
SFDC_Product2,Last Modified By ID,Varchar,18,,,False,False,False,
SFDC_Product2,Last Modified Date,DateTime,24,,,False,False,False,
SFDC_Product2,Last Referenced Date,None,0,,,False,False,False,
SFDC_Product2,Last Viewed Date,None,0,,,False,False,False,
SFDC_Product2,Number Of Quantity Installments,None,0,,,False,False,False,
SFDC_Product2,Number Of Revenue Installments,None,0,,,False,False,False,
SFDC_Product2,Product Code,Varchar,18,,,False,False,False,
SFDC_Product2,Product Description,None,0,,,False,False,False,
SFDC_Product2,Product Division,Integer,2,,,False,True,False,
SFDC_Product2,Product Family,Varchar,2,,,False,False,False,
SFDC_Product2,Product Group,Varchar,5,,,False,False,False,
SFDC_Product2,Product ID,Varchar,18,,,False,False,False,
SFDC_Product2,Product Name,Varchar,42,,,False,False,False,
SFDC_Product2,Product Unit,Varchar,9,,,False,False,False,
SFDC_Product2,Quantity Installment Period,None,0,,,False,False,False,
SFDC_Product2,Quantity Schedule Type,None,0,,,False,False,False,
SFDC_Product2,Revenue Installment Period,None,0,,,False,False,False,
SFDC_Product2,Revenue Schedule Type,None,0,,,False,False,False,
SFDC_Product2,Solution Code,Varchar,2,,,False,False,False,
SFDC_Product2,System Modstamp,DateTime,24,,,False,False,False,
SC-SFDC Opportunity,Amount,Float,9,,,False,True,False,
SC-SFDC Opportunity,Budget Confirmed,Varchar,5,,,False,False,False,
SC-SFDC Opportunity,CEO Approval Required,Varchar,5,,,False,False,False,
SC-SFDC Opportunity,CFO Approval Required,Varchar,5,,,False,False,False,
SC-SFDC Opportunity,COO Approval Required,Varchar,5,,,False,False,False,
SC-SFDC Opportunity,CP: ClosePlan Count,Float,3,,,False,True,False,
SC-SFDC Opportunity,CP: Stage Progression,Varchar,5,,,False,False,False,
SC-SFDC Opportunity,Close Date,Date,10,,,False,False,False,
SC-SFDC Opportunity,Closed,Varchar,5,,,False,False,False,
SC-SFDC Opportunity,Account ID,Varchar,18,,,False,False,False,
SC-SFDC Opportunity,Competitive Opportunity,Varchar,5,,,False,False,False,
SC-SFDC Opportunity,Created By ID,Varchar,18,,,False,False,False,
SC-SFDC Opportunity,Created Date,DateTime,24,,,False,False,False,
SC-SFDC Opportunity,Created from SAP,Varchar,5,,,False,False,False,
SC-SFDC Opportunity,Deleted,Varchar,5,,,False,False,False,
SC-SFDC Opportunity,Discovery Completed,Varchar,5,,,False,False,False,
SC-SFDC Opportunity,Division,Varchar,30,,,False,False,False,
SC-SFDC Opportunity,Division FO FDC,Varchar,5,,,False,False,False,
SC-SFDC Opportunity,Division FO MCI,Varchar,5,,,False,False,False,
SC-SFDC Opportunity,Division LF,Varchar,5,,,False,False,False,
SC-SFDC Opportunity,Division RF,Varchar,5,,,False,False,False,
SC-SFDC Opportunity,Expected Amount,Float,10,,,False,True,False,
SC-SFDC Opportunity,First Delivery Date,Date,10,,,False,False,False,
SC-SFDC Opportunity,Fiscal Period,Date,6,,,False,False,False,
SC-SFDC Opportunity,Fiscal Quarter,Integer,1,,,False,True,False,
SC-SFDC Opportunity,Fiscal Year,Integer,4,,,False,True,False,
SC-SFDC Opportunity,Forecast Category,Varchar,8,,,False,False,False,
SC-SFDC Opportunity,ForecastCategoryName,Varchar,8,,,False,False,False,
SC-SFDC Opportunity,Has Line Item,Varchar,5,,,False,False,False,
SC-SFDC Opportunity,Key Opportunity,Varchar,5,,,False,False,False,
SC-SFDC Opportunity,Last Modified By ID,Varchar,18,,,False,False,False,
SC-SFDC Opportunity,Last Modified Date,DateTime,24,,,False,False,False,
SC-SFDC Opportunity,Latest Decision Date,Date,10,,,False,False,False,
SC-SFDC Opportunity,Name,Varchar,36,,,False,False,False,
SC-SFDC Opportunity,Opportunity Currency,Varchar,3,,,False,False,False,
SC-SFDC Opportunity,Opportunity ID,Varchar,18,,,False,False,False,
SC-SFDC Opportunity,Opportunity Type,Varchar,17,,,False,False,False,
SC-SFDC Opportunity,Owner ID,Varchar,18,,,False,False,False,
SC-SFDC Opportunity,Probability _%_,Float,4,,,False,True,False,
SC-SFDC Opportunity,RMD Approval Required,Varchar,5,,,False,False,False,
SC-SFDC Opportunity,ROI Analysis Completed,Varchar,5,,,False,False,False,
SC-SFDC Opportunity,RSM Approval Required,Varchar,5,,,False,False,False,
SC-SFDC Opportunity,Relevant for Demand Planning,Varchar,5,,,False,False,False,
SC-SFDC Opportunity,SAP Quote ID,Integer,9,,,False,True,False,
SC-SFDC Opportunity,Stage,Varchar,18,,,False,False,False,
SC-SFDC Opportunity,Supply Review relevant,Varchar,67,,,False,False,False,
SC-SFDC Opportunity,Synched with SAP,Varchar,5,,,False,False,False,
SC-SFDC Opportunity,System Modstamp,DateTime,24,,,False,False,False,
SC-SFDC Opportunity,Won,Varchar,5,,,False,False,False,
SC-SFDC Opportunity,Description,Varchar,39,,,False,False,False,
SC-SFDC Opportunity,Product ID,Varchar,18,,,False,False,False,
SC-SFDC Opportunity,Currency ISO Code,Varchar,3,,,False,False,False,
SC-SFDC Opportunity,Total Price,Float,9,,,False,False,False,
SC-SFDC Opportunity,Product Code,Varchar,20,,,False,False,False,
SC-SFDC Opportunity,Line Item ID,Varchar,18,,,False,False,False,
SC-SFDC Opportunity,Quantity,Varchar,7,,,False,False,False,
SC-SFDC Opportunity,SAP account ID,Varchar,18,,,False,False,False,
SC-SFDC Opportunity,Item Key,Varchar,30,,,False,False,False,
SC-SFDC Opportunity,Division Key,Varchar,2,,,False,False,False,
SC-SFDC Opportunity,Customer Key,Varchar,18,,,False,False,False,
SC-SFDC Opportunity,CustArea Key,Varchar,22,,,False,False,False,
SC-SFDC Opportunity,Sales Office Key,Varchar,4,,,False,False,False,
SC-SFDC Opportunity,Comp Code Key,Varchar,4,,,False,False,False,
SC-SFDC Opportunity,Sales Org Key,Varchar,4,,,False,False,False,
SC-SFDC Opportunity,HC Currency Key,Varchar,3,,,False,False,False,
SC-SFDC Opportunity,RC Currency Key,Varchar,3,,,False,False,False,
SC-SFDC Opportunity,Requested Delivery Date,Date,10,,,False,False,False,
SC-SFDC Opportunity,Division Source,Varchar,20,,,False,False,False,
SC-SFDC Opportunity,Opp Source,Varchar,20,,,False,False,False,
SFDC_OpportunityLineItem,Created By ID,Varchar,18,,,False,False,False,
SFDC_OpportunityLineItem,Created Date,DateTime,24,,,False,False,False,
SFDC_OpportunityLineItem,Currency ISO Code,Varchar,3,,,False,False,False,
SFDC_OpportunityLineItem,Date,Date,10,,,False,False,False,
SFDC_OpportunityLineItem,Deleted,Varchar,5,,,False,False,False,
SFDC_OpportunityLineItem,Has Quantity Schedule,Varchar,5,,,False,False,False,
SFDC_OpportunityLineItem,Has Revenue Schedule,Varchar,5,,,False,False,False,
SFDC_OpportunityLineItem,Has Schedule,Varchar,5,,,False,False,False,
SFDC_OpportunityLineItem,Is changed,Varchar,5,,,False,False,False,
SFDC_OpportunityLineItem,Last Modified By ID,Varchar,18,,,False,False,False,
SFDC_OpportunityLineItem,Last Modified Date,DateTime,24,,,False,False,False,
SFDC_OpportunityLineItem,Line Description,None,0,,,False,False,False,
SFDC_OpportunityLineItem,Line Item ID,Varchar,18,,,False,False,False,
SFDC_OpportunityLineItem,List Price,Float,3,,,False,True,False,
SFDC_OpportunityLineItem,Opportunity ID,Varchar,18,,,False,False,False,
SFDC_OpportunityLineItem,Opportunity Product Name,Varchar,96,,,False,False,False,
SFDC_OpportunityLineItem,Price Book Entry ID,Varchar,18,,,False,False,False,
SFDC_OpportunityLineItem,Price Difference,Float,8,,,False,True,False,
SFDC_OpportunityLineItem,Product Code,Varchar,18,,,False,False,False,
SFDC_OpportunityLineItem,Product ID,Varchar,18,,,False,False,False,
SFDC_OpportunityLineItem,Quantity,Float,9,,,False,True,False,
SFDC_OpportunityLineItem,Quantity Check,Varchar,67,,,False,False,False,
SFDC_OpportunityLineItem,Quantity Difference,Float,8,,,False,True,False,
SFDC_OpportunityLineItem,Quote Quantity,Float,6,,,False,True,False,
SFDC_OpportunityLineItem,Quote Sales Price,Float,8,,,False,True,False,
SFDC_OpportunityLineItem,SAP ID,None,0,,,False,False,False,
SFDC_OpportunityLineItem,Sales Price,Float,11,,,False,True,False,
SFDC_OpportunityLineItem,Sales Price Check,Varchar,67,,,False,False,False,
SFDC_OpportunityLineItem,Sort Order,None,0,,,False,False,False,
SFDC_OpportunityLineItem,System Modstamp,DateTime,24,,,False,False,False,
SFDC_OpportunityLineItem,Total Price,Float,13,,,False,True,False,
SFDC_Account,Account ID,Varchar,18,,,False,False,False,
SFDC_Account,Deleted,Varchar,5,,,False,False,False,
SFDC_Account,Master Record ID,None,0,,,False,False,False,
SFDC_Account,Company Name,Varchar,56,,,False,False,False,
SFDC_Account,Account Group,Varchar,8,,,False,False,False,
SFDC_Account,Record Type ID,Varchar,18,,,False,False,False,
SFDC_Account,Customer Group,Varchar,18,,,False,False,False,
SFDC_Account,Sold-To Street,Varchar,131,,,False,False,False,
SFDC_Account,Sold-To City,Varchar,35,,,False,False,False,
SFDC_Account,Sold-To State/Province,Varchar,20,,,False,False,False,
SFDC_Account,Sold-To Zip/Postal Code,Varchar,10,,,False,False,False,
SFDC_Account,Sold-To Country,Varchar,42,,,False,False,False,
SFDC_Account,Sold-To State/Province Code,Varchar,3,,,False,False,False,
SFDC_Account,Sold-To Country Code,Varchar,2,,,False,False,False,
SFDC_Account,Sold-To Latitude,None,0,,,False,False,False,
SFDC_Account,Sold-To Longitude,None,0,,,False,False,False,
SFDC_Account,Sold-To Address,None,0,,,False,False,False,
SFDC_Account,Shipping Street,Varchar,23,,,False,False,False,
SFDC_Account,Shipping City,Varchar,13,,,False,False,False,
SFDC_Account,Shipping State/Province,Varchar,7,,,False,False,False,
SFDC_Account,Shipping Zip/Postal Code,Varchar,7,,,False,False,False,
SFDC_Account,Shipping Country,Varchar,13,,,False,False,False,
SFDC_Account,Shipping State/Province Code,Varchar,2,,,False,False,False,
SFDC_Account,Shipping Country Code,Varchar,2,,,False,False,False,
SFDC_Account,Shipping Latitude,None,0,,,False,False,False,
SFDC_Account,Shipping Longitude,None,0,,,False,False,False,
SFDC_Account,Shipping Address,None,0,,,False,False,False,
SFDC_Account,Account Phone,Varchar,17,,,False,False,False,
SFDC_Account,Account Fax,Varchar,22,,,False,False,False,
SFDC_Account,Website,Varchar,40,,,False,False,False,
SFDC_Account,Photo URL,Varchar,41,,,False,False,False,
SFDC_Account,Industry,Varchar,13,,,False,False,False,
SFDC_Account,Employees,Integer,5,,,False,True,False,
SFDC_Account,Ownership,Varchar,13,,,False,False,False,
SFDC_Account,Account Description,Varchar,420,,,False,False,False,
SFDC_Account,Account Site,None,0,,,False,False,False,
SFDC_Account,Account Currency,Varchar,3,,,False,False,False,
SFDC_Account,Owner ID,Varchar,18,,,False,False,False,
SFDC_Account,Created Date,DateTime,24,,,False,False,False,
SFDC_Account,Created By ID,Varchar,18,,,False,False,False,
SFDC_Account,Last Modified Date,DateTime,24,,,False,False,False,
SFDC_Account,Last Modified By ID,Varchar,18,,,False,False,False,
SFDC_Account,System Modstamp,DateTime,24,,,False,False,False,
SFDC_Account,Last Activity,Date,10,,,False,False,False,
SFDC_Account,Last Viewed Date,None,0,,,False,False,False,
SFDC_Account,Last Referenced Date,None,0,,,False,False,False,
SFDC_Account,Data_com Key,None,0,,,False,False,False,
SFDC_Account,Jigsaw Company ID,None,0,,,False,False,False,
SFDC_Account,Account Source,Varchar,16,,,False,False,False,
SFDC_Account,SIC Description,None,0,,,False,False,False,
SFDC_Account,PhotoUrl,None,0,,,False,False,False,
SFDC_Account,ABC Status,None,0,,,False,False,False,
SFDC_Account,Account assignment group,Integer,2,,,False,True,False,
SFDC_Account,HS_AccountGroup__c,Varchar,4,,,False,False,False,
SFDC_Account,Central Order Block,Varchar,2,,,False,False,False,
SFDC_Account,Company 2,Varchar,39,,,False,False,False,
SFDC_Account,Competitor,Varchar,5,,,False,False,False,
SFDC_Account,Customer Group Key,Varchar,3,,,False,False,False,
SFDC_Account,Customer pricing procedure,Varchar,1,,,False,True,False,
SFDC_Account,Customer type,Varchar,22,,,False,False,False,
SFDC_Account,Delivery Priority,Integer,2,,,False,True,False,
SFDC_Account,Distribution Channel,Integer,2,,,False,True,False,
SFDC_Account,Division,Integer,2,,,False,True,False,
SFDC_Account,Email,Varchar,60,,,False,False,False,
SFDC_Account,Incoterm 2,Varchar,28,,,False,False,False,
SFDC_Account,Incoterm,Varchar,3,,,False,False,False,
SFDC_Account,Inside Sales,Varchar,18,,,False,False,False,
SFDC_Account,Language,Varchar,2,,,False,False,False,
SFDC_Account,Main Market Segment,Varchar,14,,,False,False,False,
SFDC_Account,Market Role,Varchar,2,,,False,False,False,
SFDC_Account,Market Segment,Varchar,7,,,False,False,False,
SFDC_Account,Match Code 2,None,0,,,False,False,False,
SFDC_Account,Match Code,None,0,,,False,False,False,
SFDC_Account,Mobile,None,0,,,False,False,False,
SFDC_Account,Old Client Number,None,0,,,False,False,False,
SFDC_Account,Outside Sales,None,0,,,False,False,False,
SFDC_Account,PO Box,None,0,,,False,False,False,
SFDC_Account,Postal Code _PO Box_,None,0,,,False,False,False,
SFDC_Account,Price determ,Varchar,5,,,False,False,False,
SFDC_Account,Pricelist,Integer,2,,,False,True,False,
SFDC_Account,Rebate,Varchar,5,,,False,False,False,
SFDC_Account,SAP account ID,Varchar,10,,,False,False,False,
SFDC_Account,Sales Office,Varchar,4,,,False,False,False,
SFDC_Account,Sales Org,Varchar,4,,,False,False,False,
SFDC_Account,Sales Region,Varchar,7,,,False,False,False,
SFDC_Account,Shipping Condition,Integer,2,,,False,True,False,
SFDC_Account,Terms of Payment,Varchar,4,,,False,False,False,
SFDC_Account,Timezone,Varchar,6,,,False,False,False,
SFDC_Account,Transport Zone,Varchar,18,,,False,False,False,
SFDC_Account,PartnerURL,Varchar,74,,,False,False,False,
SFDC_Account,Customer Group for Visibility,Varchar,20,,,False,False,False,
SFDC_Account,Customer Group Id,None,0,,,False,False,False,
SFDC_Account,Sales Offices concatinated,Varchar,19,,,False,False,False,
SFDC_Account,Number of Assigned Sales Offices,Float,3,,,False,False,False,
SC-tbl_dim_sales_region,sales_region_code,Varchar,4,,,True,False,False,
SC-tbl_dim_sales_region,sales_subregion_code,Varchar,4,,,True,False,False,
SC-tbl_dim_sales_region,sales_office_code,Varchar,33,,,True,False,False,
SC-tbl_dim_sales_region,sales_office_name,Varchar,20,,,True,False,False,
SC-tbl_dim_sales_region,regional_currency_code,Varchar,3,,,True,False,False,
SFDC_OpportunityLineItemSchedule,Comments,None,0,,,False,False,False,
SFDC_OpportunityLineItemSchedule,Created By ID,Varchar,18,,,False,False,False,
SFDC_OpportunityLineItemSchedule,Created Date,DateTime,24,,,False,False,False,
SFDC_OpportunityLineItemSchedule,Currency ISO Code,Varchar,3,,,False,False,False,
SFDC_OpportunityLineItemSchedule,Deleted,Varchar,5,,,False,False,False,
SFDC_OpportunityLineItemSchedule,Last Modified By ID,Varchar,18,,,False,False,False,
SFDC_OpportunityLineItemSchedule,Last Modified Date,DateTime,24,,,False,False,False,
SFDC_OpportunityLineItemSchedule,Line Item ID,Varchar,18,,,False,False,False,
SFDC_OpportunityLineItemSchedule,Quantity,Float,8,,,False,True,False,
SFDC_OpportunityLineItemSchedule,Revenue,Float,11,,,False,True,False,
SFDC_OpportunityLineItemSchedule,Schedule Date,Date,10,,,False,False,False,
SFDC_OpportunityLineItemSchedule,Schedule ID,Varchar,18,,,False,False,False,
SFDC_OpportunityLineItemSchedule,System Modstamp,DateTime,24,,,False,False,False,
SFDC_OpportunityLineItemSchedule,Type,Varchar,8,,,False,False,False,
SC-Migrated Opportunities,SAP Opportunity ID,Varchar,18,Migrated Opportunity,Migrated Opportunity,True,False,False,
SC-Migrated Opps Delete,Dummy,Varchar,10,,,False,False,False,
Migrated Quotes,Customer,Varchar,75,,,False,False,False,
Migrated Quotes,Customer Key,Float,18,,,False,False,False,
Migrated Quotes,Opp Number,Varchar,30,,,False,False,False,
Migrated Quotes,Opp Name,Varchar,18,,,False,False,False,
Migrated Quotes,Opp Level,Varchar,18,,,False,False,False,
Migrated Quotes,Reason for Result,Varchar,10,,,False,False,False,
Migrated Quotes,Opp Value,Float,9,,,False,False,False,
Migrated Quotes,Opp Closing Date,Date,10,,,False,False,False,
Migrated Quotes,Opp Delivery Date,Date,10,,,False,False,False,
SC-Migrated Quotes,Customer,Varchar,75,Migrated Quotes,Migrated Quotes,True,False,False,
SC-Migrated Quotes,Customer Key,Varchar,18,Migrated Quotes,Migrated Quotes,True,False,False,
SC-Migrated Quotes,Opp Number,Varchar,30,Migrated Quotes,Migrated Quotes,True,False,False,
SC-Migrated Quotes,Opp Name,Varchar,18,Migrated Quotes,Migrated Quotes,True,False,False,
SC-Migrated Quotes,Opp Level,Varchar,18,Migrated Quotes,Migrated Quotes,True,False,False,
SC-Migrated Quotes,Reason for Result,Varchar,10,Migrated Quotes,Migrated Quotes,True,False,False,
SC-Migrated Quotes,Opp Value,Float,9,Migrated Quotes,Migrated Quotes,True,False,False,
SC-Migrated Quotes,Opp Closing Date,Date,10,Migrated Quotes,Migrated Quotes,True,False,False,
SC-Migrated Quotes,Opp Delivery Date,Date,10,Migrated Quotes,Migrated Quotes,True,False,False,
Migrated Opportunities,Group,Varchar,4,,,True,False,False,
Migrated Opportunities,SOrg,Varchar,4,,,True,False,False,
Migrated Opportunities,SOff,Varchar,4,,,True,False,False,
Migrated Opportunities,SAP Opportunity ID,Varchar,18,,,True,False,False,
Migrated Opportunities,Name 1,Varchar,35,,,True,False,False,
Migrated Opportunities,SAP ID VE,Varchar,6,,,True,False,False,
Migrated Opportunities,E-Mail,Varchar,36,,,True,False,False,
Migrated Opportunities,Quote Reference,Varchar,7,,,True,False,False,
Migrated Opportunities,Date,Date,10,,,True,False,False,
Migrated Opportunities,SAP Customer Account,Varchar,6,,,True,False,False,
Migrated Opportunities,Reslut reason,Varchar,3,,,True,False,False,
Migrated Opportunities,Ageem type,Varchar,3,,,True,False,False,
Migrated Opportunities,Currenc,Varchar,3,,,True,False,False,
Migrated Opportunities,project value,Varchar,8,,,True,False,False,
Migrated Opportunities,Chance,Varchar,2,,,True,False,False,
Migrated Opportunities,Volume,Varchar,9,,,True,False,False,
Migrated Opportunities,end date,Date,10,,,True,False,False,
Migrated Opportunities,Del date,Date,10,,,True,False,False,
Migrated Opportunities,Quot date,Date,10,,,True,False,False,
Migrated Opportunities,Opp-Typ,Varchar,8,,,True,False,False,
Migrated Opportunities,Phase,Varchar,2,,,True,False,False,
Migrated Opportunities,A10,Varchar,2,,,True,False,False,
RK_Cleanup,Dummy,Varchar,10,,,False,False,False,
RK_Cleanup,Opp Name,Varchar,18,,,False,False,False,
RK_Cleanup,Opp Number,Varchar,30,,,False,False,False,
RK_Cleanup,Quote Number,Varchar,10,,,False,False,False,
SC-Migrated Quotes Delete,Dummy,Varchar,10,,,False,False,False,
SC-Migrated Orphan Opp Delete,Dummy,Varchar,10,,,False,False,False,
Data,Customer,Varchar,35,,,False,False,False,
Data,Customer Key,Varchar,18,,,False,False,False,
Data,Opp Number,Varchar,18,,,False,False,False,
Data,Opp Name,Varchar,36,,,False,False,False,
Data,Opp Level,Varchar,21,,,False,False,False,
Data,Reason for Result,None,0,,,False,False,False,
Data,Opp Value,Float,10,,,False,True,False,
Data,Opp Closing Date,Date,10,,,False,False,False,
Data,Opp Delivery Date,Date,10,,,False,False,False,
Metadata,Collection Name: CRMPage Name: Opportunity OverviewReport Name: CRM027 - Detailed Open Opp List,Varchar,17,,,False,False,False,
Metadata,Metadata Column 1,Varchar,8,,,False,False,False,
Metadata,Metadata Column 2,Varchar,18,,,False,False,False,
Metadata,"Timestamp: Monday, 3 August 2020 17:37",None,0,,,False,False,False,
